Modelo,Variable,Accuracy,Precision (macro),Recall (macro),F1 (macro),Precision (weighted),Recall (weighted),F1 (weighted)
GRU,CDM,0.8201167181599726,0.5396188904772499,0.5179043374875735,0.5144660822672781,0.8025725439530035,0.8201167181599726,0.8061926411499346
GRU,Tipo,0.9231033299004463,0.9174014979781555,0.9307118902528518,0.9225961778015906,0.9235274239072937,0.9231033299004463,0.9224568441949808
GRU,GRD,0.650875386199794,0.497589168332753,0.3778001400840459,0.39211910385271814,0.6602649984373655,0.650875386199794,0.6390798523307895
LSTM,CDM,0.8499828355647099,0.5554561627725683,0.5502821508077727,0.54897819959093,0.8253612355307333,0.8499828355647099,0.8360945097830794
LSTM,Tipo,0.97391005835908,0.9611019115315662,0.9676438746617992,0.9643073856543409,0.9739926878054456,0.97391005835908,0.9739294387665571
LSTM,GRD,0.7033985581874357,0.46950352663234285,0.4143114371409376,0.42897059631711254,0.7040186621975204,0.7033985581874357,0.6931519220266599
